ตรา,รถเกษตร,ปุ๋ยเทพ
รถเกษตร,เสื้อยืดแขนยาว,เสื้อยืดแขนยาว
ปุ๋ยเทพ,9-5-9,10-3-30
,10-5-5,13-3-23
,12-4-26,14-3-3
,12-3-5,15-5-20
,12-4-40,15-5-25
,13-3-21,15-10-30
,13-3-27,16-8-8
,13-8-35,18-7-7
,13-13-21,18-8-8
,14-4-9,20-5-3
,14-4-24,20-8-8
,14-7-35,21-4-4
,15-3-3,23-4-24
,15-5-20,25-5-18
,15-5-35,30-0-0
,15-7-18,30-11-5
,15-8-20,36-0-0
,15-10-30,40-0-0
,15-15-15,0-0-60
,16-3-8,16-20-0 COM
,16-4-6,18-46-0
,16-8-8,21-0-0
,16-16-8,46-0-0
,16-20-0 BB,ซากปุ๋ย
,17-5-3,แบนเนอร์ ปุ๋ยเทพ
,18-4-5,
,18-4-8,
,18-8-8,
,19-6-6,
,20-5-5,
,20-5-28,
,20-8-8,
,20-8-20,
,20-10-12,
,21-7-18,
,22-6-4,
,22-13-18,
,25-7-7,
,27-12-6,
,28-10-10,
,29-5-18,
,30-0-0,
,40-0-0,
,Magnesium,
,0-0-60,
,16-20-0 COM,
,18-46-0,
,21-0-0,
,46-0-0,
,ซากปุ๋ย,
,Boron,
,Filler,
,แบนเนอร์ รถเกษตร,
,กระเป๋าใบใหญ่,
,โบว์ชัวส์ ยางพารา,
